company_name,website,company_type,product_category,business_email,business_phone,whatsapp,contact_person,designation,product_fit_score,import_activity_score,company_size_score,market_relevance_score,recent_activity_score,decision_maker_score,total_score,lead_bucket,buyer_probability,import_probability,product_relevance,company_size,market_relevance,recent_activity,decision_maker_status,qualification_status,qualification_error,reason,recommended_action,evidence,sales_priority
Керамическая плитка - «Империя Керамики» салон плитки ...,https://imperiakeramiki.ru/,SHOWROOM,Porcelain & Ceramic Tiles,NOT_FOUND,NOT_FOUND,NOT_FOUND,NOT_FOUND,NOT_FOUND,25.0,5.0,0.0,15.0,7.0,0.0,52,POTENTIAL,MEDIUM,LOW,HIGH,UNKNOWN,HIGH,MEDIUM,NOT_FOUND,QUALIFIED,NOT_FOUND,"The company is a Russian tile showroom (""салон плитки"") with confirmed tile and market relevance, an active website and a recent timestamp, but there is no evidence of import operations, decision‑maker contact details, or company size. It is therefore classified as a showroom buyer with medium likelihood to purchase and low import probability.",Initiate contact via the website contact form to request a decision‑maker and discuss tile procurement needs.,"Tile relevant flag: YES indicating focus on ceramic tiles; Russia relevant flag: YES indicating relevance to Russian market; Company name includes ""салон плитки"" which translates to tile showroom, indicating showroom type; Website is active and page title contains date 17.08.2026 showing recent activity; Business Email, Phone, WhatsApp not found",🟡 Research
К-Импорт (K-Import),https://www.k-import.ru/,RETAILER,Porcelain & Ceramic Tiles,info@k-import.ru,+7 495 766-19-09,NOT_FOUND,NOT_FOUND,NOT_FOUND,25.0,5.0,0.0,15.0,0.0,0.0,45,POTENTIAL,MEDIUM,LOW,HIGH,UNKNOWN,HIGH,UNKNOWN,NOT_FOUND,QUALIFIED,NOT_FOUND,"K-Import operates an active e‑commerce site selling ceramic and porcelain tiles in Moscow, confirming strong product and market relevance. No explicit evidence of import activities or a decision‑maker contact was found, so import probability is low. Company size and recent activity cannot be determined from the supplied data.",Reach out via the listed email or phone to inquire about their tile sourcing needs and explore a potential supplier relationship.,Website URL: https://www.k-import.ru/; Page Title indicates an online store for ceramic tiles in Moscow; Tile Relevant Flag: YES; Russia Relevant Flag: YES; Business Email: info@k-import.ru; Business Phone: 74957661909.0; Verification note: Active site with matching tile and Russian relevance keywords,🟡 Research
Cerammax,https://www.cerammax.ru/,RETAILER,Porcelain & Ceramic Tiles,nahim@planetaplitki.ru,+7 495 644-42-33,NOT_FOUND,NOT_FOUND,NOT_FOUND,25.0,5.0,0.0,15.0,3.0,0.0,48,POTENTIAL,MEDIUM,LOW,HIGH,UNKNOWN,HIGH,LOW,NOT_FOUND,QUALIFIED,NOT_FOUND,"Cerammax is an active tile business in Russia selling porcelain stoneware, showing high product and market relevance. However, there is no explicit evidence of direct importing operations or decision-maker details.",Investigate import history and attempt to identify key purchasing managers or decision-makers at Planeta Plitki / Cerammax.,Page title explicitly references porcelain stoneware ('Керамогранит').; Website is active and verified as relevant to tiles and the Russian market.; Contact email domain associates the company with Planeta Plitki ('planetaplitki.ru').,🟡 Research
Линкер (Lincer),https://lincer.ru/about/,WHOLESALER,Porcelain & Ceramic Tiles,plitka@lincer.ru,+7 812 441-31-88,NOT_FOUND,NOT_FOUND,NOT_FOUND,25.0,0.0,0.0,15.0,0.0,0.0,40,POTENTIAL,UNKNOWN,UNKNOWN,HIGH,UNKNOWN,HIGH,UNKNOWN,NOT_FOUND,QUALIFIED,NOT_FOUND,"The company’s website and title explicitly state it supplies tiles and porcelain stoneware wholesale in Russia, making it highly relevant to both the product and market. However, there is no evidence of import operations, company size, recent activity, or identified decision makers, so those fields remain unknown or not found.",Contact the company via the provided email (plitka@lincer.ru) to discuss tile purchasing needs and evaluate partnership potential.,"Page title: ""Оптовый поставщик плитки и керамогранита Линкер в СПб"" indicates the company is a wholesale supplier of tiles and porcelain stoneware.; Website is active and contains tile-related keywords, confirming tile relevance.; Tile Relevant Flag: YES and Russia Relevant Flag: YES confirm market relevance.; Business email plitka@lincer.ru provided for contact.; No information on import activities is present on the site.",🟡 Research
Unitile,https://unitile.ru/partners/official_distributors/,MANUFACTURER,Porcelain & Ceramic Tiles,info@unitile.ru,+7 863 626-94-56,NOT_FOUND,NOT_FOUND,NOT_FOUND,25.0,0.0,0.0,15.0,0.0,0.0,40,POTENTIAL,LOW,NOT_FOUND,HIGH,UNKNOWN,HIGH,UNKNOWN,NOT_FOUND,QUALIFIED,NOT_FOUND,"Unitile operates as a tile manufacturer/brand in Russia with its own distributor network. Without explicit evidence of tile importing or OEM sourcing, buyer probability for an Indian exporter remains low.",Verify if Unitile engages in contract manufacturing or imports complementary tile lines from overseas manufacturers.,"Website title 'Официальные дистрибьюторы' on unitile.ru indicates a company managing its own distributor network.; Tile Relevant Flag is YES, confirming alignment with building materials and tile sector.; Russia Relevant Flag is YES, matching target Russian market.",🟡 Research
«Арт Реал» - интернет-магазин керамической плитки в ...,https://www.artreal.ru/,RETAILER,Porcelain & Ceramic Tiles,info@artreal.ru,+7 495 150-32-98,NOT_FOUND,NOT_FOUND,NOT_FOUND,25.0,0.0,0.0,15.0,10.0,0.0,50,POTENTIAL,MEDIUM,UNKNOWN,HIGH,UNKNOWN,HIGH,HIGH,NOT_FOUND,QUALIFIED,NOT_FOUND,"The company operates an online store selling ceramic tiles in Moscow, confirming it is a retailer of the product category. Tile and Russia relevance flags indicate strong product and market alignment, supporting a HIGH market relevance and HIGH product relevance. The active website demonstrates recent activity. No information is available about company size, import activities, or specific decision‑maker contacts, so those fields remain UNKNOWN or NOT_FOUND. Buyer intent is inferred from the retail model, yielding a MEDIUM probability.",Reach out via the provided email or phone to identify the purchasing decision‑maker and assess interest in importing porcelain and ceramic tiles.,Website active: https://www.artreal.ru/; Tile Relevant Flag: YES; Russia Relevant Flag: YES; Business Email: info@artreal.ru; Business Phone: 74951503298.0; Verified active site with matching tile and Russian relevance keywords.,🟡 Research
Российская керамическая плитка,https://www.rusplitka.ru/catalog/land/rossiya/,UNKNOWN,Porcelain & Ceramic Tiles,info@rusplitka.ru,+7 495 229-44-20,NOT_FOUND,NOT_FOUND,NOT_FOUND,25.0,0.0,0.0,15.0,10.0,0.0,50,POTENTIAL,MEDIUM,UNKNOWN,HIGH,UNKNOWN,HIGH,HIGH,NOT_FOUND,QUALIFIED,NOT_FOUND,"The company operates a tile‑focused website in Russia, confirming high product and market relevance. While no explicit company type or size is given, the presence of a catalog and contact details suggests they are an active player in the tile market, giving a medium likelihood of being a buyer. No information on import activities or decision‑maker contacts is available.",Contact the provided business email to introduce Wolf Group India’s porcelain and ceramic tile offerings and request a conversation with the procurement team.,Active website (https://www.rusplitka.ru/catalog/land/rossiya/) verified; Tile Relevant Flag set to YES indicating tile focus; Russia Relevant Flag set to YES indicating geographic relevance; Business email provided: info@rusplitka.ru; Business phone provided: 74952294420,🟡 Research
Керамир (Ceramir),https://ceramir.ru/,UNKNOWN,Porcelain & Ceramic Tiles,info@ceramir.ru,+7 495 256-06-46,NOT_FOUND,NOT_FOUND,NOT_FOUND,25.0,5.0,0.0,15.0,0.0,0.0,45,POTENTIAL,MEDIUM,LOW,HIGH,UNKNOWN,HIGH,UNKNOWN,NOT_FOUND,QUALIFIED,NOT_FOUND,"Ceramir actively operates in the Russian ceramic tile and porcelain stoneware market, matching Wolf Group India's target product portfolio and target geography. However, specific company type, direct import operations, and decision-maker contact details are not explicitly established in the provided evidence.",Perform secondary research on the company website to verify import/distribution capabilities and identify direct procurement contacts or decision-makers.,Page title translates to 'Ceramir: ceramic tiles and porcelain tiles' ('Керамир: керамическая плитка и керамогранит').; Active website operating in the Russian market with verified tile relevance.; General contact information available: info@ceramir.ru and phone +74952560646.,🟡 Research
эксклюзивный дистрибьютор KERAMA MARAZZI в РФ,https://interstone.su/articles/novosti-kompanii/interstone-eksklyuzivnyy-distribyutor-kerama-marazzi,DISTRIBUTOR,Porcelain & Ceramic Tiles,info@interstone.su,NOT_FOUND,NOT_FOUND,NOT_FOUND,NOT_FOUND,25.0,5.0,0.0,15.0,0.0,0.0,45,POTENTIAL,MEDIUM,LOW,HIGH,UNKNOWN,HIGH,UNKNOWN,NOT_FOUND,QUALIFIED,NOT_FOUND,"INTERSTONE is identified as an active Russian distributor for Kerama Marazzi, a major tile brand. While product and market relevance are high, there is no explicit evidence of direct import operations or a named decision-maker.",Initiate email contact via info@interstone.su to verify interest in sourcing external porcelain/ceramic tile lines and request contacts for procurement decision-makers.,Page title indicates INTERSTONE is an exclusive distributor of KERAMA MARAZZI in Russia ('INTERSTONE - эксклюзивный дистрибьютор KERAMA MARAZZI в РФ').; Tile Relevant Flag and Russia Relevant Flag are both set to YES.; Business Email available: info@interstone.su.,🟡 Research
Global Tile,https://global-tile.ru/,MANUFACTURER,Porcelain & Ceramic Tiles,info@global-tile.ru,+7 495 587-80-00,NOT_FOUND,NOT_FOUND,NOT_FOUND,25.0,5.0,0.0,15.0,3.0,0.0,48,POTENTIAL,LOW,LOW,HIGH,UNKNOWN,HIGH,LOW,NOT_FOUND,QUALIFIED,NOT_FOUND,"Global Tile is a Moscow-based entity dealing in ceramic and porcelain tiles, claiming to be a manufacturer ('от производителя'). Because they manufacture/sell their own product line and there is no evidence of direct tile importing, buyer and import probability are low.",Conduct further research to determine if they outsource manufacturing or import specific lines from overseas before attempting targeted procurement outreach.,"Page title translates to 'Global Tile: ceramic tiles and porcelain tiles from the manufacturer in Moscow'.; Website status is ACTIVE with positive flags for tile relevance and Russian market relevance.; Generic contact info found (info@global-tile.ru, phone +74955878000), but no specific decision maker or import activity documented.",🟡 Research
Керамогранит оптом и в розницу по низкой цене с ...,http://ceramogranit-optom.ru/?srsltid=afmboorgtblbxduscnx4ylwuuhfjej8vo_vz3szeb8_l7vp2s8avoo9q,WHOLESALER,Porcelain & Ceramic Tiles,sale@ceramogranit-optom.ru,+7 495 540-50-10,NOT_FOUND,NOT_FOUND,NOT_FOUND,25.0,5.0,0.0,15.0,3.0,0.0,48,POTENTIAL,MEDIUM,LOW,HIGH,UNKNOWN,HIGH,LOW,NOT_FOUND,QUALIFIED,NOT_FOUND,"The company operates as a Russian wholesaler and retailer specializing in porcelain tiles, making product and market relevance high. However, there is no explicit evidence of direct importing activity or decision-maker contacts in the provided data.",Contact the company via sale@ceramogranit-optom.ru to present Wolf Group India's export catalog and request connection with the procurement or import manager.,Page title states wholesale and retail sales of porcelain tiles ('Керамогранит оптом и в розницу') with delivery across the Russian Federation ('доставкой по РФ').; Domain name 'ceramogranit-optom.ru' focuses on wholesale porcelain stoneware.; Business email 'sale@ceramogranit-optom.ru' and phone number '+74955405010' provided.,🟡 Research
Керамогранит.ру (Keramogranit.ru),https://www.keramogranit.ru/,RETAILER,Porcelain & Ceramic Tiles,manager@keramogranit.ru,+7 495 966-38-80,NOT_FOUND,NOT_FOUND,NOT_FOUND,25.0,5.0,0.0,15.0,3.0,0.0,48,POTENTIAL,MEDIUM,LOW,HIGH,UNKNOWN,HIGH,LOW,NOT_FOUND,QUALIFIED,NOT_FOUND,"The company operates an active tile retail shop in Moscow with direct product alignment. However, there is no explicit evidence of direct import operations or identified decision-maker contacts.",Contact manager@keramogranit.ru to identify the purchasing or import decision-maker and assess interest in importing porcelain tiles from India.,Page title confirms business as a Moscow tile store: 'Керамогранит - купить в Москве по цене производителя | Магазин плитки Керамогранит.ру'.; Verified active website selling porcelain and ceramic tile products in Russia.,🟡 Research
Керамическая плитка и керамогранит оптом для дилеров,https://artcentre.club/dileram/,WHOLESALER,Porcelain & Ceramic Tiles,office@artcentre.club,+7 028 109-03-00,NOT_FOUND,NOT_FOUND,NOT_FOUND,25.0,0.0,0.0,15.0,0.0,0.0,40,POTENTIAL,HIGH,UNKNOWN,HIGH,UNKNOWN,HIGH,UNKNOWN,NOT_FOUND,QUALIFIED,NOT_FOUND,"The company name explicitly states it sells ceramic tiles and porcelain stoneware wholesale to dealers, making its product relevance to the exporter’s portfolio high and indicating a buyer role. No information is available about whether they import, their size, or recent activity, so those fields are set to UNKNOWN. Decision‑maker details are missing, resulting in NOT_FOUND. The Russian language name suggests the company operates in the Russian market, giving high market relevance.","Reach out via the provided email/phone to confirm import interest, gather decision‑maker details, and assess company size before proceeding with a sales pitch.","Company name indicates wholesale of ceramic tiles and porcelain stoneware (""Керамическая плитка и керамогранит оптом для дилеров"").; Business email provided: office@artcentre.club.; Business phone provided: 70281090300.0.; Decision maker information not found.",🟡 Research
Керамическая плитка оптом в Москве,https://elmantrade.ru/kupit-optom/?srsltid=afmbooopbw6qlagiroeisqcfkhadyia5scy09bntxgal9cwuswkixxff,WHOLESALER,Porcelain & Ceramic Tiles,office@elmantrade.ru,+7 495 103-48-48,NOT_FOUND,NOT_FOUND,NOT_FOUND,25.0,0.0,0.0,15.0,0.0,0.0,40,POTENTIAL,MEDIUM,UNKNOWN,HIGH,UNKNOWN,HIGH,UNKNOWN,NOT_FOUND,QUALIFIED,NOT_FOUND,"The company name directly references wholesale ceramic tiles in Moscow, aligning it with the target product category and making it a potentially valuable buyer. However, there is no information on import activity, company size, or recent engagement, and no decision‑maker details are available.","Conduct further research to locate decision‑maker contacts (e.g., via phone or LinkedIn) and verify recent activity before initiating outreach.","Company name includes ""оптом"" meaning wholesale of ceramic tiles, indicating the firm operates as a wholesaler.; Business email domain elmantrade.ru suggests a Russian tile business focused on ceramic tiles.",🟡 Research
Керамогранит оптом - Керамическая плитка,https://opt.mosplitka.ru/,WHOLESALER,Porcelain & Ceramic Tiles,opt@mosplitka.ru,+7 495 104-70-80,NOT_FOUND,NOT_FOUND,NOT_FOUND,25.0,0.0,0.0,15.0,10.0,0.0,50,POTENTIAL,HIGH,UNKNOWN,HIGH,UNKNOWN,HIGH,HIGH,NOT_FOUND,QUALIFIED,NOT_FOUND,"The company advertises wholesale ceramic tiles and porcelain stoneware in Russia, indicating a strong relevance to our product line (HIGH) and a high likelihood of being a buyer. No information is available about their import activities or company size, and no decision‑maker details were found. The website is active, confirming recent activity.",Initiate outreach to the generic contact (email/phone) to assess interest in importing porcelain and ceramic tiles.,Website active at https://opt.mosplitka.ru/ with title indicating wholesale ceramic tiles; Tile Relevant Flag: YES; Russia Relevant Flag: YES; Business Email: opt@mosplitka.ru; Business Phone: 74951047080.0; Notes: Verified active site with matching tile and Russian relevance keywords,🟡 Research
Арткерамика (Artkeramika),https://artkeramika-opt.ru/catalog/collections/keramicheskaya-plitka/,WHOLESALER,Porcelain & Ceramic Tiles,zakaz@artkeramika-opt.ru,+7 499 703-30-42,NOT_FOUND,NOT_FOUND,NOT_FOUND,25.0,0.0,0.0,15.0,0.0,0.0,40,POTENTIAL,MEDIUM,UNKNOWN,HIGH,UNKNOWN,HIGH,UNKNOWN,NOT_FOUND,QUALIFIED,NOT_FOUND,"The company sells ceramic tiles wholesale in Moscow, matching our product category and Russian market, but there is no information on size, import habits, or decision‑maker contacts.",Contact via the listed email or phone to gauge interest and request decision‑maker details; treat as a medium‑priority lead.,"Page title ""Купить керамическую плитку оптом в Москве"" indicates wholesale purchase of ceramic tiles; Website status is ACTIVE; Tile Relevant Flag: YES and Russia Relevant Flag: YES show relevance to our product and market; Business email (zakaz@artkeramika-opt.ru) and phone (74997033042) are listed",🟡 Research
Best Tiles Manufacturer in Russia,https://www.durezagranito.com/tiles-manufacturer-exporter-in-russia/,MANUFACTURER,Porcelain & Ceramic Tiles,info@durezagranito.com,NOT_FOUND,NOT_FOUND,NOT_FOUND,NOT_FOUND,25.0,0.0,0.0,15.0,10.0,0.0,50,POTENTIAL,UNKNOWN,UNKNOWN,HIGH,UNKNOWN,HIGH,HIGH,NOT_FOUND,QUALIFIED,NOT_FOUND,"The company identifies itself as a tile manufacturer in Russia, matching the product and market relevance criteria. However, there is no evidence they purchase or import tiles, nor any size or decision‑maker details. The active website confirms recent activity but decision‑maker contact is missing.",Research further to locate decision‑maker contacts,"Website title states ""Best Tiles Manufacturer in Russia"" indicating manufacturer status; Tile Relevant Flag set to YES indicating high product relevance; Russia Relevant Flag set to YES indicating high market relevance; Website status ACTIVE and verification note confirming active site, showing recent activity; Business email available but no decision maker information, decision maker status NOT_FOUND",🟡 Research
Интернет-магазин керамогранита и керамической плитки в ...,https://msk.estima.ru/,RETAILER,Porcelain & Ceramic Tiles,salon-msk@estima.ru,+7 499 110-60-04,NOT_FOUND,NOT_FOUND,NOT_FOUND,25.0,0.0,0.0,15.0,10.0,0.0,50,POTENTIAL,HIGH,UNKNOWN,HIGH,UNKNOWN,HIGH,HIGH,NOT_FOUND,QUALIFIED,NOT_FOUND,"The company operates an online tile shop in Moscow, showing strong product and market relevance and a high likelihood of purchasing tiles, but there is no evidence of import activity, company size, or a identified decision‑maker.",Contact via the provided email or phone to obtain a purchasing manager contact and assess interest in importing tiles.,"Page title states ""Интернет-магазин керамогранита и керамической плитки в Москве Estima"" indicating a retail online store.; Tile Relevant Flag: YES confirming relevance to porcelain/ceramic tiles.; Russia Relevant Flag: YES confirming market relevance to Russia.; Website Status: ACTIVE with verification note of active site.; Business Email and Phone provided (salon‑msk@estima.ru, 74991106004) indicating operational presence.",🟡 Research
"Плитка, камень оптом — купить по цене производителя",https://volmatech.ru/catalog/plitka_kamen/,MANUFACTURER,Porcelain & Ceramic Tiles,shop@volma.ru,+7 800 700-04-17,+7,NOT_FOUND,NOT_FOUND,25.0,0.0,0.0,15.0,10.0,0.0,50,POTENTIAL,UNKNOWN,UNKNOWN,HIGH,UNKNOWN,HIGH,HIGH,NOT_FOUND,QUALIFIED,NOT_FOUND,"The website is an active Russian tile manufacturer (factory) selling tiles at manufacturer prices, making it highly relevant to tile products and the Russian market. No evidence shows they purchase tiles from abroad or their size, so buyer and import probabilities are unknown.",Research to identify a decision maker before initiating outreach,"Page title contains ""завод ВОЛМА"" indicating a factory/manufacturer; Tile Relevant Flag: YES; Russia Relevant Flag: YES; Website Status: ACTIVE; Business Email provided: shop@volma.ru; Decision Maker: NOT_FOUND",🟡 Research
Керамогранит купить в Санкт-Петербурге по выгодной ...,https://plitka-78.ru/slidertop/5-keramogranit-kupit-v-sankt-peterburge-po-vygodnoi-cene-optom-i-v-roznicu.html,WHOLESALER,Porcelain & Ceramic Tiles,stroikeramika@mail.ru,NOT_FOUND,NOT_FOUND,NOT_FOUND,NOT_FOUND,25.0,0.0,0.0,15.0,10.0,0.0,50,POTENTIAL,MEDIUM,UNKNOWN,HIGH,UNKNOWN,HIGH,HIGH,NOT_FOUND,QUALIFIED,NOT_FOUND,"The company operates an active Russian site focused on ceramic tiles and explicitly mentions wholesale (оптом) and retail sales, indicating relevance as a potential buyer of tiles. No concrete data on company size, import habits, or decision‑maker contacts is available, so those fields remain UNKNOWN or NOT_FOUND. The active online presence suggests high recent activity and strong market relevance in the Russian tile sector.",Contact via the listed email to introduce Wolf Group India's porcelain and ceramic tiles and assess interest in importing.,"Active website https://plitka-78.ru/... with tile‑related content and Russian keywords; Page title indicates selling ceramic tiles wholesale and retail in Saint‑Petersburg; Business email provided (stroikeramika@mail.ru); Tile Relevant Flag: YES, Russia Relevant Flag: YES",🟡 Research
Showrooms and dealers in Russia,https://www.marazzigroup.com/locality/russia-country/,SHOWROOM,Porcelain & Ceramic Tiles,NOT_FOUND,NOT_FOUND,NOT_FOUND,NOT_FOUND,NOT_FOUND,25.0,0.0,0.0,15.0,10.0,0.0,50,POTENTIAL,MEDIUM,UNKNOWN,HIGH,UNKNOWN,HIGH,HIGH,NOT_FOUND,QUALIFIED,NOT_FOUND,"The source confirms the entity operates showrooms/dealers for tiles in Russia, giving high product and market relevance. No size or import data is available, and no decision‑maker contact is found, leading to medium buyer probability and unknown import probability.",Research and obtain contact details for showroom procurement staff before initiating outreach.,Showrooms and dealers in Russia page on Marazzi site indicating tile relevance and Russia relevance.; Verified active site with matching tile and Russian relevance keywords.,🟡 Research
"официальный дистрибьютор ГК ""Уральский Гранит""!",https://fasadresurs.ru/about/news/resurs-ofitsialnyy-distribyutor-gk-uralskiy-granit/,DISTRIBUTOR,Porcelain & Ceramic Tiles,opt@dvresurs.ru,+7 909 875-46-62,+7 909 875-46-62,NOT_FOUND,NOT_FOUND,25.0,0.0,0.0,15.0,0.0,0.0,40,POTENTIAL,MEDIUM,UNKNOWN,HIGH,UNKNOWN,HIGH,UNKNOWN,NOT_FOUND,QUALIFIED,NOT_FOUND,"The company is explicitly described as the official distributor of Ural Granite, indicating a DISTRIBUTOR role. Tile relevance flags and website content show high relevance to tile products, justifying HIGH product relevance and HIGH market relevance for Russia. Absence of size data leaves company size UNKNOWN. No explicit import activity is mentioned, so import probability is UNKNOWN. While the distributor likely purchases building materials, the lack of specific intent for porcelain/ceramic tiles sets buyer probability at MEDIUM. Recent activity cannot be confirmed beyond an active site, thus UNKNOWN. Decision maker information is not available.",Reach out via the listed email or phone to identify the appropriate purchasing decision maker and assess interest in porcelain/ceramic tiles.,Tile Relevant Flag: YES; Russia Relevant Flag: YES; Website active and matches tile and Russian relevance keywords; Business email opt@dvresurs.ru listed; Business phone 79098754662 provided; Decision maker not found on site,🟡 Research
Купить керамогранит в Москве и России. Оптом от ...,https://technotile.ru/,WHOLESALER,Porcelain & Ceramic Tiles,opt@technotile.ru,+7 499 350-44-50,NOT_FOUND,NOT_FOUND,NOT_FOUND,25.0,0.0,0.0,15.0,10.0,0.0,50,POTENTIAL,MEDIUM,UNKNOWN,HIGH,UNKNOWN,HIGH,HIGH,NOT_FOUND,QUALIFIED,NOT_FOUND,"The company operates an active Russian website focused on wholesale ceramic tiles, indicating high product relevance and strong market relevance in Russia. No explicit information about decision‑maker contacts or import activities is available, so import probability and company size remain unknown. Recent website activity is confirmed, and the site provides contact details, making outreach feasible.",Reach out via the provided email or phone to discuss potential tile import partnership and gather decision‑maker information.,"Website active: https://technotile.ru/; Page title indicates wholesale tile sales: ""Купить керамогранит в Москве и России. Оптом от производителя по низким ценам.""; Tile Relevant Flag: YES; Russia Relevant Flag: YES; Business email provided: opt@technotile.ru; Business phone provided: 74993504450; Decision Maker: NOT_FOUND; Verified active site with matching tile and Russian relevance keywords.",🟡 Research
Керамическая плитка и керамогранит оптом – купить в ...,https://spb.tesser.ru/content/dlya_optovikov/,WHOLESALER,Porcelain & Ceramic Tiles,spb@tesser.ru,+7 812 407-70-08,NOT_FOUND,NOT_FOUND,NOT_FOUND,25.0,0.0,0.0,15.0,10.0,0.0,50,POTENTIAL,HIGH,UNKNOWN,HIGH,UNKNOWN,HIGH,HIGH,NOT_FOUND,QUALIFIED,NOT_FOUND,"The company runs a wholesale warehouse for ceramic tiles in St. Petersburg, showing clear relevance to tile products and a high likelihood of purchasing. The site is active and contact details are available, but no specific decision‑maker information was found.",Contact via the provided email or phone to qualify the lead and discuss potential tile import purchases.,"Website active with tile and Russia relevance keywords.; Page title mentions ""оптом"" and ""оптовый склад"", indicating wholesale activity.; Business email provided (spb@tesser.ru).; Business phone provided (78124077008).",🟡 Research
КЕРАМОГРАНИТ купить в Москве оптом и в розницу. ...,https://www.ceram-kioto.ru/catalog/keramogranit/,WHOLESALER,Porcelain & Ceramic Tiles,ceram-kioto@mail.ru,+7 495 589-36-85,+7 967 245-45-14,NOT_FOUND,NOT_FOUND,25.0,0.0,0.0,15.0,10.0,0.0,50,POTENTIAL,HIGH,UNKNOWN,HIGH,UNKNOWN,HIGH,HIGH,NOT_FOUND,QUALIFIED,NOT_FOUND,"The company operates an active online tile store in Russia, explicitly selling tile both wholesale (оптом) and retail (в розницу), making it a relevant buyer for porcelain and ceramic tiles. Tile relevance and Russian market relevance are high, and recent site activity confirms current operation. No information on import activity or company size is available, and the decision maker was not identified.",Contact the provided business email or phone to introduce Wolf Group India and request to speak with the purchasing or procurement manager for tile imports.,"Website active and displays tile catalog for КЕРАМОГРАНИТ; Tile Relevant Flag: YES; Russia Relevant Flag: YES; Page title mentions ""купить в Москве оптом и в розницу"" indicating wholesale and retail sales; Business email provided: ceram-kioto@mail.ru; Business phone provided: 74955893685",🟡 Research
Контакт-М (Contact-M),https://kontact-m.ru/wholesalers/,WHOLESALER,Porcelain & Ceramic Tiles,koroleva@kontact-m.ru,+7 905 779-77-11,NOT_FOUND,NOT_FOUND,NOT_FOUND,25.0,0.0,0.0,15.0,10.0,0.0,50,POTENTIAL,HIGH,UNKNOWN,HIGH,UNKNOWN,HIGH,HIGH,NOT_FOUND,QUALIFIED,NOT_FOUND,"The company presents itself as a wholesale tile supplier in Moscow, matching our porcelain and ceramic tile offering. Its active website, contact details, and tile relevance indicate a high likelihood of being a buyer, though there is no explicit evidence of import activity or company size. Decision‑maker details are missing.",Initiate outreach to the provided email or phone number to gauge interest and identify the appropriate decision‑maker for tile procurement.,"Website page title states ""Керамическая плитка и керамогранит оптом со склада в Москве — поставщик плитки Контакт М!"" indicating wholesale tile supply; Tile Relevant Flag: YES and Russia Relevant Flag: YES confirm relevance to our product and market; Website status is ACTIVE, confirming recent online presence; Business email (koroleva@kontact-m.ru) and phone (79057797711) are listed, showing contactability; Decision Maker information is NOT_FOUND",🟡 Research
Топ 10 российских компаний по производству ...,https://kirovstroysnab.ru/articles/reyting/top-10-rossiyskikh-kompaniy-po-proizvodstvu-keramogranita-v-2023/,MANUFACTURER,Porcelain & Ceramic Tiles,sale@kirovstroysnab.ru,NOT_FOUND,NOT_FOUND,Пестова Александра Викторовича,CEO / General Director,25.0,0.0,0.0,15.0,10.0,10.0,60,POTENTIAL,MEDIUM,UNKNOWN,HIGH,UNKNOWN,HIGH,HIGH,FOUND,QUALIFIED,NOT_FOUND,"The company is identified as a Russian producer of keramogranite (a tile product), confirming high product and market relevance. While they are a manufacturer rather than a typical buyer, they may still import complementary porcelain tiles, giving a medium buyer probability. No specific import activity is evident, so import probability remains unknown. The site is active and recent (2023), and a decision‑maker (CEO) is identified.",Reach out to the listed CEO via the provided business email to explore potential import partnership.,"Website article titled ""Топ 10 российских компаний по производству керамогранита в 2023"" indicates tile production; Tile Relevant Flag: YES; Russia Relevant Flag: YES; Business Email: sale@kirovstroysnab.ru; Decision Maker: Пестова Александра Викторовича (CEO)",🟡 Research
Home,http://investceramic.ru/home-en,UNKNOWN,Porcelain & Ceramic Tiles,info@investceramic.ru,+7 800 250-35-90,NOT_FOUND,NOT_FOUND,NOT_FOUND,25.0,0.0,0.0,15.0,10.0,0.0,50,POTENTIAL,HIGH,UNKNOWN,HIGH,UNKNOWN,HIGH,HIGH,NOT_FOUND,QUALIFIED,NOT_FOUND,"The company operates a Russian‑focused ceramic tile website, confirming high product and market relevance and indicating active business operations, but no information on company type, size, or import activity and no decision‑maker details are available.",Reach out via the provided email/phone to gather more details and identify the appropriate decision maker; prioritize further research on company structure and import capabilities.,Website active (http://investceramic.ru/home-en) with tile and Russia relevance flags set to YES; Business email available: info@investceramic.ru; Business phone listed: 78002503590.0; Decision maker information not found,🟡 Research
Официальный дилер завода керамической плитки TUBADZIN,https://tubadzin.ru/,DISTRIBUTOR,Porcelain & Ceramic Tiles,mail@tubadzin.ru,+7 800 707-98-80,+7 985 765-98-19,NOT_FOUND,NOT_FOUND,25.0,0.0,0.0,15.0,7.0,0.0,47,POTENTIAL,HIGH,UNKNOWN,HIGH,UNKNOWN,HIGH,MEDIUM,NOT_FOUND,QUALIFIED,NOT_FOUND,"The company is an official dealer of a tile manufacturer, indicating a distributor role and strong relevance to porcelain/ceramic tiles and the Russian market. The active website confirms recent activity, and the presence of contact details suggests buying intent, though no import activity or size information is available.","Contact via the provided email or WhatsApp to confirm interest, gather buying requirements, and identify the appropriate decision maker.",Website active and identified as Официальный дилер завода керамической плитки TUBADZIN (official dealer of TUBADZIN tile factory) with tile and Russia relevance; Business email listed: mail@tubadzin.ru; Decision maker information not found,🟡 Research
Estima,https://estima.ru,MANUFACTURER,Porcelain & Ceramic Tiles,logistikkursk@skvirel-group.ru,+7 495 775-60-40,NOT_FOUND,NOT_FOUND,NOT_FOUND,25.0,5.0,0.0,15.0,10.0,0.0,55,POTENTIAL,LOW,LOW,HIGH,UNKNOWN,HIGH,HIGH,NOT_FOUND,QUALIFIED,NOT_FOUND,"Estima is identified as a tile manufacturer in Russia, matching product and market relevance. As a manufacturer, it is unlikely to be a buyer of imported tiles, resulting in low buyer and import probability. No size data is available, and no decision‑maker details were found, but the active website indicates recent activity.","Log an informational note and consider a low‑priority outreach to explore possible distribution or partnership opportunities, but focus higher‑probability buyer leads first.",Website active (https://estima.ru) and page title confirms tile manufacturer; Tile Relevant Flag: YES; Russia Relevant Flag: YES; Business email listed: logistikkursk@skvirel-group.ru; Business phone listed: 74957756040; Decision Maker information not found,🟡 Research
Tile Oliva Ceramic Buy in Moscow,https://www.lineceramic.ru/en/hand-made-ceramic-tiles/oliva-tile-clone/?srsltid=afmboooo80_vftst8kpqspiob3u9m94drgfp5ybkf1fvk0uy8pl-0zmh,RETAILER,Porcelain & Ceramic Tiles,sales@lineceramic.ru,+7 904 355-88-00,NOT_FOUND,General Director,CEO / General Director,25.0,0.0,0.0,15.0,10.0,10.0,60,POTENTIAL,HIGH,UNKNOWN,HIGH,UNKNOWN,HIGH,HIGH,FOUND,QUALIFIED,NOT_FOUND,"The company operates an active e‑commerce site selling ceramic tiles in Moscow, matching both tile and Russian market relevance. The presence of a CEO/General Director indicates a clear decision‑maker, and the product focus suggests a high likelihood of purchasing tiles. No evidence about importing activities or company size was found.",Reach out to the General Director via the provided email to discuss tile import opportunities and assess partnership potential.,Website https://www.lineceramic.ru/en/hand-made-ceramic-tiles/oliva-tile-clone/ is active and shows tile products relevant to Russia; Tile Relevant Flag: YES and Russia Relevant Flag: YES indicate strong market fit; Business email sales@lineceramic.ru and phone 79043558800 provided; Decision Maker listed as General Director (CEO),🟡 Research
Laparet: керамическая плитка и керамогранит от ...,https://laparet.ru/,MANUFACTURER,Porcelain & Ceramic Tiles,info@laparet.ru,+7 800 550-78-99,NOT_FOUND,NOT_FOUND,NOT_FOUND,25.0,0.0,0.0,15.0,0.0,0.0,40,POTENTIAL,UNKNOWN,UNKNOWN,HIGH,UNKNOWN,HIGH,UNKNOWN,NOT_FOUND,QUALIFIED,NOT_FOUND,"The company’s website and page title identify it as a tile manufacturer in Russia, giving high product and market relevance. However, there is no evidence of purchasing intent, import activity, company size, or recent engagements, and no decision‑maker contact is available, leading to unknown buyer/import probabilities and low lead priority.",Monitor the prospect for any future buying signals but assign low priority for outreach,"Page title states ""Laparet: керамическая плитка и керамогранит от производителя"", indicating a manufacturer; Tile Relevant Flag: YES; Russia Relevant Flag: YES; Website Status: ACTIVE; Business Email provided: info@laparet.ru; Decision Maker information: NOT_FOUND",🟡 Research
Cersanit Russia,https://cersanit.ru,MANUFACTURER,Porcelain & Ceramic Tiles,report@cersanit.ru,+7 915 060-20-36,NOT_FOUND,NOT_FOUND,NOT_FOUND,25.0,0.0,0.0,15.0,0.0,0.0,40,POTENTIAL,UNKNOWN,UNKNOWN,HIGH,UNKNOWN,HIGH,UNKNOWN,NOT_FOUND,QUALIFIED,NOT_FOUND,"The company runs an active website that brands itself as a manufacturer of ceramic tiles and related products in Russia, confirming high product and market relevance. No information is available regarding its purchasing behavior, import needs, size, or recent business activity, and no decision‑maker details are found.",MONITOR_FOR_POTENTIAL_PARTNERSHIP_OR_INQUIRY,Official website (https://cersanit.ru) identified as the official site of a ceramic tile and sanitaryware manufacturer in Russia; Tile Relevant Flag: YES; Russia Relevant Flag: YES; Business email provided: report@cersanit.ru; Verification note confirms active site with matching tile and Russian relevance keywords,🟡 Research
ТЕССЕР (Tesser),https://tesser.ru,UNKNOWN,Porcelain & Ceramic Tiles,info@tesser.ru,+7 495 411-99-77,NOT_FOUND,NOT_FOUND,NOT_FOUND,25.0,0.0,0.0,15.0,0.0,0.0,40,POTENTIAL,MEDIUM,UNKNOWN,HIGH,UNKNOWN,HIGH,UNKNOWN,NOT_FOUND,QUALIFIED,NOT_FOUND,"The company’s website is active and explicitly flagged as relevant to tiles and the Russian market, indicating high product and market relevance. No clear information about the company's role (importer, distributor, etc.) or size is provided, and there is no evidence of recent activity or a identified decision‑maker, so those fields remain UNKNOWN or NOT_FOUND. Buyer likelihood is assessed as medium given the tile relevance, while import likelihood cannot be determined.","Initiate outreach via the provided email/phone to gather more details about their role, size, and decision‑maker, then re‑evaluate qualification.",Website https://tesser.ru is active; Tile Relevant Flag: YES; Russia Relevant Flag: YES; Business Email: info@tesser.ru; Business Phone: 74954119977,🟡 Research
Gracia Ceramica,https://graciaceramica.com,UNKNOWN,Porcelain & Ceramic Tiles,info@graciaceramica.com,+7 863 626-94-56,NOT_FOUND,NOT_FOUND,NOT_FOUND,25.0,0.0,0.0,15.0,0.0,0.0,40,POTENTIAL,UNKNOWN,UNKNOWN,HIGH,UNKNOWN,HIGH,UNKNOWN,NOT_FOUND,QUALIFIED,NOT_FOUND,"The company operates a live website focused on ceramic tiles and targets the Russian market, making its product and market relevance high. However, there is no information on company type, size, buying intent, import activity, recent engagements, or decision‑maker contacts, leading to unknown classifications for those attributes.","Research further to identify decision makers, determine company size and buying intent, and assess import potential before proceeding with outreach.","Website https://graciaceramica.com is active and its title includes tile‑related keywords (Керамическая плитка и керамогранит), confirming tile relevance; Russia relevant flag set to YES, indicating geographic relevance; Business email info@graciaceramica.com listed on site; Business phone 78636269456.0 listed; Decision Maker field marked NOT_FOUND",🟡 Research
Creto,https://creto.ru,UNKNOWN,Porcelain & Ceramic Tiles,shop@creto.ru,+7 495 085-82-20,NOT_FOUND,NOT_FOUND,NOT_FOUND,25.0,0.0,0.0,15.0,10.0,0.0,50,POTENTIAL,MEDIUM,UNKNOWN,HIGH,UNKNOWN,HIGH,HIGH,NOT_FOUND,QUALIFIED,NOT_FOUND,"The site is active, clearly focused on tiles and targets the Russian market, indicating high product and market relevance. No explicit information about company type, size, import activity, or decision‑maker contacts is available, so those fields remain UNKNOWN or NOT_FOUND. Recent activity is high due to the active website.",Conduct further research to identify decision‑maker contacts and verify import intentions before outreach.,Website active (https://creto.ru) with tile relevance flag YES; Russia relevance flag YES; Business email shop@creto.ru; Business phone 74950858220.0; Decision maker NOT_FOUND,🟡 Research
Керамогранит оптом от производителя купить в Санкт ...,https://www.c-s-g.ru/keramogranit/sankt-peterburg,MANUFACTURER,Porcelain & Ceramic Tiles,granite-tile@c-s-g.ru,+7 499 702-70-04,NOT_FOUND,NOT_FOUND,NOT_FOUND,25.0,0.0,0.0,15.0,7.0,0.0,47,POTENTIAL,LOW,UNKNOWN,HIGH,UNKNOWN,HIGH,MEDIUM,NOT_FOUND,QUALIFIED,NOT_FOUND,"The company appears to be a tile manufacturer offering wholesale porcelain tiles in Russia, making it highly relevant to our product line and market, but there is no indication they are a buyer of imported tiles, and no decision‑maker contact is available. Size and import intent cannot be determined from the available data.",LOW_PRIORITY,"Website active (https://www.c-s-g.ru/keramogranit/sankt-peterburg); Page title indicates ""Керамогранит оптом от производителя"" (wholesale from manufacturer); Tile Relevant Flag: YES; Russia Relevant Flag: YES; Business email provided (granite-tile@c-s-g.ru); Business phone provided (74997027004)",🟡 Research
Onetouch Ceramica,https://onetouchceramica.ru,UNKNOWN,Porcelain & Ceramic Tiles,onetouchceramica@mail.ru,NOT_FOUND,NOT_FOUND,NOT_FOUND,NOT_FOUND,25.0,0.0,0.0,15.0,0.0,0.0,40,POTENTIAL,UNKNOWN,UNKNOWN,HIGH,UNKNOWN,HIGH,UNKNOWN,NOT_FOUND,QUALIFIED,NOT_FOUND,"The company’s website is active and clearly focuses on tiles in the Russian market, giving a high product and market relevance. No information is available about the company’s type, size, buying intent, import activity, or recent engagements, and no decision‑maker contact was identified. Therefore most classifications remain UNKNOWN or NOT_FOUND.",Conduct further research to determine the company’s role (importer/distributor/retailer) and locate decision‑maker contacts before outreach.,"Website active with tile and Russian relevance keywords (Page Title: One Touch, Site status: ACTIVE); Tile Relevant Flag: YES; Russia Relevant Flag: YES; Business Email found: onetouchceramica@mail.ru; Decision Maker: NOT_FOUND",🟡 Research
Top-Grade Ceramic and Porcelain Tile Solutions for Russia,https://faceimpex.com/globally-presenting/top-grade-ceramic-and-porcelain-tile-solutions-for-russia/,UNKNOWN,Porcelain & Ceramic Tiles,info@faceimpex.com,NOT_FOUND,NOT_FOUND,NOT_FOUND,NOT_FOUND,25.0,0.0,0.0,15.0,10.0,0.0,50,POTENTIAL,HIGH,UNKNOWN,HIGH,UNKNOWN,HIGH,HIGH,NOT_FOUND,QUALIFIED,NOT_FOUND,"The company is identified as tile‑related and focuses on the Russian market, indicating high product and market relevance and a high likelihood of being a buyer. No information is available on company type, size, or import activity, and decision‑maker details are missing.",Contact via the provided email to request more details and identify decision‑makers.,Tile Relevant Flag: YES indicates product relevance to tiles.; Russia Relevant Flag: YES indicates market relevance for Russia.; Website active and verified with matching tile and Russian relevance keywords.; Business Email available: info@faceimpex.com.,🟡 Research
MOSCOW,https://www.kourasanit.com/en/showrooms/moscow,SHOWROOM,Porcelain & Ceramic Tiles,kourasanitrussia@gmail.com,+7 985 078-84-88,NOT_FOUND,NOT_FOUND,NOT_FOUND,25.0,0.0,0.0,15.0,0.0,0.0,40,POTENTIAL,MEDIUM,UNKNOWN,HIGH,UNKNOWN,HIGH,UNKNOWN,NOT_FOUND,QUALIFIED,NOT_FOUND,"The company hosts a showroom page for Moscow on a tile‑focused website, confirming it is a SHOWROOM with strong tile and Russia relevance (product and market relevance HIGH). Presence of contact details suggests they may purchase tiles, giving a MEDIUM buyer probability, but there is no evidence of import activity or company size, so those fields remain UNKNOWN. No decision‑maker information was found.",Contact the provided email or phone to identify the appropriate buyer and explore tile procurement opportunities.,"Website https://www.kourasanit.com/en/showrooms/moscow is active and contains tile‑related and Russia‑related keywords; Page is listed under the ""showrooms"" section, indicating a showroom business model; Business email (kourasanitrussia@gmail.com) and phone number are provided",🟡 Research
Nt Ceramic,https://ntceramic.ru,MANUFACTURER,Porcelain & Ceramic Tiles,info@ntceramic.ru,+7 800 700-28-73,NOT_FOUND,NOT_FOUND,NOT_FOUND,25.0,5.0,0.0,15.0,10.0,0.0,55,POTENTIAL,LOW,LOW,HIGH,UNKNOWN,HIGH,HIGH,NOT_FOUND,QUALIFIED,NOT_FOUND,"Nt Ceramic operates an active website that identifies it as the official manufacturer of ceramic tiles in Russia, confirming its role as a MANUFACTURER. The tile and Russia relevance flags indicate HIGH product and market relevance, but as a manufacturer it is unlikely to be a buyer of imported tiles, resulting in LOW buyer and import probabilities. No size data is available, so company size is UNKNOWN. Recent website activity is evident, so recent activity is HIGH. No decision‑maker information was found.","Monitor for potential partnership or distribution opportunities, but do not prioritize as a direct buyer lead.","Website active (https://ntceramic.ru) with page title indicating ""Керамогранит NTСeramic - официальный сайт производителя"" (official manufacturer site); Tile Relevant Flag: YES; Russia Relevant Flag: YES; Business Email provided: info@ntceramic.ru; Business Phone provided: 78007002873.0; Decision Maker: NOT_FOUND",🟡 Research
Kerranova (Samarskiy Stroyfarfor),https://kerranova.ru,MANUFACTURER,Porcelain & Ceramic Tiles,info@kerranova.ru,+7 846 233-45-22,NOT_FOUND,NOT_FOUND,NOT_FOUND,25.0,0.0,0.0,15.0,0.0,0.0,40,POTENTIAL,UNKNOWN,UNKNOWN,HIGH,UNKNOWN,HIGH,UNKNOWN,NOT_FOUND,QUALIFIED,NOT_FOUND,"The website and page title indicate Kerranova is a tile manufacturer in Russia, making the company highly relevant to the product category and market, but there is no evidence of buying intent, import activity, size, recent updates, or decision‑maker contacts.",Monitor for possible partnership opportunities but do not prioritize as a direct buyer.,Page Title: Официальный сайт TM KERRANOVA: керамогранит от производителя; Tile Relevant Flag: YES; Russia Relevant Flag: YES; Business Email: info@kerranova.ru,🟡 Research
